code,name,industry,bucket,buckets,cadence,holding_period,first_seen,last_seen,hit_count,latest_score,best_score,risk_level,strategies,pinned
601318,中国平安,非银行金融,defensive,defensive,weekly,watchlist,2026-08-30,2026-09-18,6,93.03,93.03,low,blue_chip_income|low_volatility_quality,0
601919,中远海控,港口航运,defensive,defensive,weekly,watchlist,2026-08-30,2026-09-18,5,92.04,92.04,low,blue_chip_income|low_volatility_quality|quality_value,0
601166,兴业银行,银行,defensive,defensive,weekly,swing,2026-08-30,2026-09-11,4,92.59,93.22,low,blue_chip_income|low_volatility_quality|quality_value,0
601601,中国太保,非银行金融,defensive,defensive,weekly,watchlist,2026-08-30,2026-09-18,5,80.26,80.79,low,blue_chip_income|low_volatility_quality|quality_value,0
600015,华夏银行,银行,defensive,defensive,weekly,watchlist,2026-08-30,2026-09-11,4,82.08,84.08,low,dual_low,0
601390,中国中铁,基础建设,defensive,defensive,weekly,watchlist,2026-08-31,2026-09-18,4,81.10,82.46,low,dual_low|quality_value,0
600741,华域汽车,汽车,defensive,defensive,weekly,watchlist,2026-09-11,2026-09-11,1,83.04,83.04,low,quality_value,0
601877,正泰电器,输变电设备,defensive,defensive,weekly,watchlist,2026-08-31,2026-08-31,1,82.79,82.79,low,quality_value,0
601669,中国电建,基础建设,defensive,defensive,weekly,watchlist,2026-09-11,2026-09-11,1,80.25,80.25,low,quality_value,0
601857,中国石油,石油天然气,defensive,defensive,weekly,watchlist,2026-09-04,2026-09-18,3,74.36,74.42,low,blue_chip_income|low_volatility_quality,0
600027,华电国际,电力,defensive,defensive,weekly,watchlist,2026-09-04,2026-09-04,1,76.55,76.55,low,blue_chip_income,0
600028,中国石化,石油天然气,defensive,defensive,weekly,swing,2026-08-31,2026-09-11,2,70.92,70.92,low,low_volatility_quality,0
600900,长江电力,电力,defensive,defensive,weekly,swing,2026-09-04,2026-09-04,1,69.29,69.29,low,low_volatility_quality,0
000333,美的集团,白色家电,defensive,defensive,weekly,swing,2026-09-18,2026-09-18,1,67.56,67.56,low,low_volatility_quality,0
603799,华友钴业,稀有金属,balanced,balanced,daily,short_term,2026-09-02,2026-09-29,6,92.90,93.05,low,balanced_alpha|momentum_quality|oversold_reversal,0
601668,中国建筑,建筑施工,balanced,balanced|defensive,weekly,watchlist,2026-08-30,2026-09-18,5,91.08,91.08,low,balanced_alpha|blue_chip_income|dual_low|quality_value,0
002432,九安医疗,医疗器械,balanced,balanced,daily,short_term,2026-08-31,2026-09-29,8,88.94,93.31,low,balanced_alpha|oversold_reversal,0
600089,特变电工,输变电设备,balanced,balanced,daily,short_term,2026-09-04,2026-09-24,4,88.85,88.85,low,balanced_alpha|momentum_quality|oversold_reversal,0
601233,桐昆股份,合成纤维及树脂,balanced,balanced,daily,short_term,2026-09-30,2026-09-30,1,92.89,92.89,low,oversold_reversal,0
600362,江西铜业,基本金属,balanced,balanced,daily,short_term,2026-09-29,2026-09-29,1,92.38,92.38,low,oversold_reversal,0
600219,南山铝业,基本金属,balanced,balanced,daily,short_term,2026-09-11,2026-09-11,1,91.35,91.35,low,oversold_reversal,0
600352,浙江龙盛,化学制品,balanced,balanced,daily,short_term,2026-09-04,2026-09-10,2,89.15,89.15,low,oversold_reversal,0
600982,宁波能源,电力,balanced,balanced,daily,short_term,2026-10-08,2026-10-08,1,90.20,90.20,low,oversold_reversal,0
600150,中国船舶,船舶与海洋装备,balanced,balanced,daily,short_term,2026-09-18,2026-09-23,2,86.78,86.78,low,oversold_reversal|shrink_pullback,0
600309,万华化学,化学原料,balanced,balanced|defensive,daily,short_term,2026-09-04,2026-09-16,2,86.75,86.75,low,low_volatility_quality|oversold_reversal,0
600016,民生银行,银行,balanced,balanced|defensive,weekly,watchlist,2026-09-18,2026-09-18,1,88.35,88.35,low,dual_low|oversold_reversal|quality_value,0
002185,华天科技,半导体,balanced,balanced,daily,short_term,2026-09-11,2026-10-08,2,85.91,85.91,low,momentum_quality|oversold_reversal,0
000100,TCL科技,电子元件,balanced,balanced,weekly,watchlist,2026-09-04,2026-09-18,3,79.00,79.00,low,balanced_alpha|momentum_quality,0
000725,京东方A,电子器件,balanced,balanced,weekly,watchlist,2026-09-11,2026-09-18,3,76.93,79.24,low,balanced_alpha,0
600104,上汽集团,汽车,balanced,balanced|defensive,weekly,watchlist,2026-09-04,2026-09-18,3,75.76,79.13,low,low_volatility_quality|momentum_quality|quality_value|shrink_pullback,0
002241,歌尔股份,电子设备制造,balanced,balanced,weekly,swing,2026-09-04,2026-09-18,2,76.36,76.36,low,momentum_quality,0
000425,徐工机械,专用设备,balanced,balanced,weekly,watchlist,2026-09-18,2026-09-18,1,78.21,78.21,low,balanced_alpha,0
603986,兆易创新,半导体,balanced,balanced,daily,short_term,2026-09-18,2026-09-22,2,72.07,79.37,low,momentum_quality,0
002011,盾安环境,通用设备,balanced,balanced,weekly,swing,2026-09-11,2026-09-11,1,72.28,72.28,low,momentum_quality,0
600048,保利发展,房地产开发,aggressive,aggressive,daily,short_term,2026-09-21,2026-09-30,2,79.10,79.10,low,theme_momentum,0
002244,滨江集团,房地产开发,aggressive,aggressive,daily,short_term,2026-10-08,2026-10-08,1,75.38,75.38,low,capital_heat|theme_momentum,0
300142,沃森生物,生物医药,aggressive,aggressive,daily,short_term,2026-10-08,2026-10-08,1,75.38,75.38,low,capital_heat|theme_momentum,0
002074,国轩高科,电源设备,aggressive,aggressive,daily,short_term,2026-10-08,2026-10-08,1,74.74,74.74,low,capital_heat|theme_momentum,0
600699,均胜电子,汽车,aggressive,aggressive,daily,short_term,2026-09-24,2026-09-29,2,72.47,72.54,low,capital_heat|theme_momentum,0
605100,华丰股份,通用设备,aggressive,aggressive,daily,short_term,2026-10-08,2026-10-08,1,74.17,74.17,low,volume_breakout,0
002738,中矿资源,稀有金属,aggressive,aggressive,daily,short_term,2026-09-30,2026-09-30,1,73.97,73.97,low,capital_heat|theme_momentum,0
300450,先导智能,通用设备,aggressive,aggressive,daily,short_term,2026-09-30,2026-10-08,2,71.67,72.43,low,capital_heat|theme_momentum,0
300133,华策影视,影视动漫,aggressive,aggressive,daily,short_term,2026-09-30,2026-09-30,1,73.59,73.59,low,capital_heat|theme_momentum,0
002821,凯莱英,化学制药,aggressive,aggressive,daily,short_term,2026-10-08,2026-10-08,1,72.38,72.38,low,theme_momentum,0
300207,欣旺达,电子设备制造,aggressive,aggressive,daily,short_term,2026-09-29,2026-09-29,1,72.27,72.27,low,capital_heat|theme_momentum,0
002273,水晶光电,光电子器件,aggressive,aggressive,daily,short_term,2026-10-08,2026-10-08,1,71.85,71.85,low,capital_heat,0
300122,智飞生物,生物医药,aggressive,aggressive,daily,short_term,2026-10-08,2026-10-08,1,70.01,70.01,low,theme_momentum,0
301487,盟固利,金属非金属新材料,aggressive,aggressive,daily,short_term,2026-10-08,2026-10-08,1,68.97,68.97,low,volume_breakout,0
